{
  "welcomeFile": "/index.html",
  "authenticationMethod": "none",
  "routes": [
    {
      "source": "^/backend/root/(.*)$",
      "target": "$1",
      "destination": "odata-v4-backend",
      "authenticationType": "none"
    },
    {
      "source": "^/test-resources/(.*)$",
      "target": "/test-resources/$1",
      "authenticationType": "none",
      "destination": "ui5"
    },
    {
      "source": "^(.*)$",
      "target": "$1",
      "service": "html5-apps-repo-rt",
      "authenticationType": "xsuaa",
      "cacheControl": "no-cache"
    }
  ]
}
