<core:FragmentDefinition xmlns:core="sap.ui.core"
    xmlns="sap.m">
    <ComboBox id="idCustomRatingComboBox"
        core:require="{handler: 'fiorielementsapp/ext/fragment/customRatingFilter'}"
        selectedKey="{path: 'filterValues>', type: 'sap.fe.macros.filter.type.Value', formatOptions: { operator: 'fiorielementsapp.ext.fragment.customRatingFilter.customRatingFilter' }}">
        <items>
            <core:Item id="idItemStar1"
                key="0"
                text="⭐" />
            <core:Item id="idItemStar2"
                key="1"
                text="⭐⭐" />
            <core:Item id="idItemStar3"
                key="2"
                text="⭐⭐⭐" />
            <core:Item id="idItemStar4"
                key="3"
                text="⭐⭐⭐⭐" />
            <core:Item id="idItemStar5"
                key="4"
                text="⭐⭐⭐⭐⭐" />
        </items>
    </ComboBox>
</core:FragmentDefinition>